City ID,City,Lat,Long,Max Temp,Humidity,Cloudiness,Windspeed,Country,Date
0,saint-philippe,-21.36,55.77,73.4,64,0,5.82,RE,1603836949
1,beringovskiy,63.05,179.32,27.19,92,85,11.88,RU,1603836803
2,bredasdorp,-34.53,20.04,64.4,77,100,4.7,ZA,1603836949
3,ahuimanu,21.44,-157.84,80.6,74,90,4.88,US,1603836949
4,saint george,37.1,-113.58,61.0,9,1,3.36,US,1603836788
5,dingle,11.0,122.67,76.26,88,85,3.78,PH,1603836950
6,qaanaaq,77.48,-69.36,10.63,80,92,13.13,GL,1603836950
7,lagoa,39.05,-27.98,62.71,64,100,9.26,PT,1603836950
8,jamestown,42.1,-79.24,45.0,93,90,6.93,US,1603836950
9,songjianghe,42.19,127.48,29.77,90,0,4.56,CN,1603836950
10,hermanus,-34.42,19.23,61.0,92,100,4.83,ZA,1603836950
11,cozumel,20.51,-86.95,82.4,83,90,17.22,MX,1603836735
12,norman wells,65.28,-126.83,19.4,79,75,11.41,CA,1603836950
13,bluff,-46.6,168.33,57.99,65,21,1.01,NZ,1603836950
14,rikitea,-23.12,-134.97,75.38,83,100,17.0,PF,1603836951
15,cape town,-33.93,18.42,64.0,87,75,2.24,ZA,1603836707
16,renqiu,38.7,116.09,46.69,43,97,2.39,CN,1603836951
17,minsk,53.9,27.57,48.2,93,75,6.71,BY,1603836800
18,enshi,30.3,109.48,57.27,83,100,3.33,CN,1603836951
19,bubaque,11.28,-15.83,82.83,81,57,10.04,GW,1603836951
20,mataura,-46.19,168.86,57.99,65,6,1.01,NZ,1603836951
21,puerto ayora,-0.74,-90.35,75.2,69,40,10.29,EC,1603836951
22,hithadhoo,-0.6,73.08,83.52,66,95,9.66,MV,1603836951
23,albany,42.6,-73.97,48.99,64,100,2.39,US,1603836794
24,kurilsk,45.23,147.88,46.15,67,96,6.26,RU,1603836952
25,fortuna,40.6,-124.16,69.01,37,20,14.99,US,1603836952
26,te anau,-45.42,167.72,51.24,67,87,1.83,NZ,1603836952
27,ilulissat,69.22,-51.1,17.6,61,62,3.27,GL,1603836952
28,pandharpur,17.67,75.33,72.12,71,1,4.94,IN,1603836952
29,bonnyville,54.27,-110.73,46.4,61,90,13.87,CA,1603836952
30,ushuaia,-54.8,-68.3,46.4,42,20,11.41,AR,1603836682
31,coahuayana,18.73,-103.68,82.4,74,75,9.17,MX,1603836952
32,kavieng,-2.57,150.8,83.79,67,97,3.02,PG,1603836952
33,leningradskiy,69.38,178.42,17.8,90,0,18.3,RU,1603836807
34,kuching,1.55,110.33,75.2,94,20,3.36,MY,1603836953
35,busselton,-33.65,115.33,57.99,77,17,7.29,AU,1603836953
36,arraial do cabo,-22.97,-42.03,75.2,83,0,14.99,BR,1603836953
37,mountain home,43.13,-115.69,55.0,25,1,10.29,US,1603836901
38,zhuanghe,39.7,122.99,45.14,52,91,5.82,CN,1603836953
39,taoudenni,22.68,-3.98,84.15,15,3,7.99,ML,1603836953
40,evensk,61.95,159.23,24.82,80,0,11.54,RU,1603836953
41,bathsheba,13.22,-59.52,80.6,88,75,13.87,BB,1603836791
42,vaini,-21.2,-175.2,77.0,73,20,13.87,TO,1603836954
43,akdepe,42.06,59.38,33.8,64,0,4.7,TM,1603836954
44,flin flon,54.77,-101.86,28.4,79,75,6.93,CA,1603836954
45,east london,-33.02,27.91,70.34,86,29,5.5,ZA,1603836954
46,port elizabeth,-33.92,25.57,62.6,88,0,19.46,ZA,1603836954
47,bandarbeyla,9.49,50.81,75.58,81,14,4.88,SO,1603836954
48,pringsewu,-5.36,104.97,73.83,86,95,4.38,ID,1603836954
49,tomatlan,19.93,-105.25,82.89,78,95,10.09,MX,1603836802
50,wanning,18.8,110.4,78.08,89,100,24.4,CN,1603836954
51,veraval,20.9,70.37,77.94,51,0,10.8,IN,1603836955
52,yulara,-25.24,130.99,60.8,31,0,5.82,AU,1603836790
53,new norfolk,-42.78,147.06,55.99,79,71,3.65,AU,1603836955
54,susanville,40.42,-120.65,66.16,25,0,4.09,US,1603836921
55,senanga,-16.12,23.27,75.49,28,31,5.17,ZM,1603836955
56,vila franca do campo,37.72,-25.43,64.4,68,75,4.7,PT,1603836955
57,saskylakh,71.92,114.08,5.25,93,100,10.25,RU,1603836955
58,sukhobezvodnoye,57.05,44.89,33.21,92,75,8.05,RU,1603836955
59,kyshtovka,56.55,76.63,29.08,97,69,15.52,RU,1603836955
60,duki,30.15,68.57,54.68,33,0,2.26,PK,1603836955
61,burns lake,54.23,-125.75,42.35,90,100,3.27,CA,1603836956
62,kodiak,57.79,-152.41,48.2,45,1,8.05,US,1603836956
63,isla vista,34.41,-119.86,75.99,13,1,10.29,US,1603836744
64,assiniboia,49.63,-105.98,44.24,72,32,16.96,CA,1603836956
65,manta,-0.95,-80.73,80.6,65,75,16.11,EC,1603836956
66,georgetown,5.41,100.34,78.8,94,40,4.34,MY,1603836956
67,hobart,-42.88,147.33,55.99,81,75,1.12,AU,1603836748
68,surt,31.21,16.59,72.77,69,65,15.12,LY,1603836956
69,avarua,-21.21,-159.78,69.8,94,100,8.05,CK,1603836956
70,kathu,7.92,98.33,84.99,83,20,9.17,TH,1603836956
71,bairiki,1.33,172.98,84.2,70,40,4.7,KI,1603836956
72,bad durkheim,49.47,8.17,50.0,82,100,9.37,DE,1603836957
73,diu,20.71,70.98,77.74,53,0,5.79,IN,1603836957
74,katangli,51.71,143.23,35.15,87,21,2.33,RU,1603836957
75,sakhnovshchyna,49.15,35.87,47.84,53,10,8.95,UA,1603836957
76,upernavik,72.79,-56.15,17.28,81,0,6.26,GL,1603836957
77,moranbah,-22.0,148.05,76.28,64,0,10.67,AU,1603836957
78,zelenyy bor,53.67,91.67,26.6,92,85,4.47,RU,1603836957
79,salym,60.06,71.48,12.97,95,92,9.86,RU,1603836958
80,lebu,-37.62,-73.65,52.74,71,97,13.31,CL,1603836958
81,mount isa,-20.73,139.5,69.8,16,0,8.05,AU,1603836958
82,baker city,44.77,-117.83,59.0,35,1,2.95,US,1603836958
83,mayumba,-3.43,10.66,77.81,87,100,6.89,GA,1603836958
84,rio grande,-32.03,-52.1,62.01,99,100,8.99,BR,1603836945
85,namibe,-15.2,12.15,70.9,78,96,4.47,AO,1603836958
86,hilo,19.73,-155.09,80.6,78,90,5.82,US,1603836920
87,port macquarie,-31.43,152.92,66.0,74,66,1.99,AU,1603836697
88,ixtapa,20.7,-105.2,87.8,70,40,11.41,MX,1603836958
89,sterling,39.01,-77.43,63.0,67,90,4.7,US,1603836791
90,rawson,-43.3,-65.1,64.0,27,91,20.78,AR,1603836958
91,tiksi,71.69,128.87,-1.73,90,39,11.36,RU,1603836959
92,satao,40.74,-7.73,57.99,87,99,8.01,PT,1603836959
93,neverkino,52.79,46.74,31.78,91,92,5.19,RU,1603836959
94,tambura,5.6,27.47,69.24,93,100,3.31,SS,1603836959
95,dikson,73.51,80.55,9.45,96,100,16.49,RU,1603836959
96,sorland,67.67,12.69,35.6,93,20,10.04,NO,1603836959
97,coihaique,-45.58,-72.07,44.6,70,90,6.93,CL,1603836959
98,mar del plata,-38.0,-57.56,62.6,45,0,10.29,AR,1603836775
99,chegdomyn,51.12,133.02,32.14,98,96,2.06,RU,1603836959
100,punta arenas,-53.15,-70.92,46.4,58,0,21.92,CL,1603836960
101,laela,-8.57,32.05,65.86,64,27,2.84,TZ,1603836960
102,maridi,4.92,29.47,69.08,95,100,0.96,SS,1603836960
103,ponta delgada,37.73,-25.67,64.4,68,75,4.7,PT,1603836960
104,torbay,47.67,-52.73,41.0,100,90,12.75,CA,1603836960
105,pleasanton,37.66,-121.87,77.0,11,1,5.82,US,1603836960
106,gualeguay,-33.14,-59.31,62.46,68,0,6.69,AR,1603836723
107,zatoka,46.07,30.47,60.8,93,75,8.95,UA,1603836960
108,grand gaube,-20.01,57.66,70.0,79,0,3.0,MU,1603836960
109,itoman,26.12,127.67,73.4,73,75,9.17,JP,1603836960
110,katsuura,35.13,140.3,60.8,77,20,6.93,JP,1603836779
111,joue-les-tours,47.35,0.67,55.4,100,90,9.17,FR,1603836961
112,pirot,43.15,22.59,52.0,10,73,3.24,RS,1603836961
113,saint-augustin,51.23,-58.65,31.41,90,81,3.06,CA,1603836961
114,bell ville,-32.63,-62.69,75.0,48,0,5.99,AR,1603836961
115,vallenar,-28.57,-70.76,70.81,41,0,6.2,CL,1603836961
116,opuwo,-18.06,13.84,65.95,51,27,4.74,NA,1603836961
117,kapaa,22.08,-159.32,82.99,83,75,4.7,US,1603836961
118,tuktoyaktuk,69.45,-133.04,12.2,85,90,11.41,CA,1603836779
119,kaitangata,-46.28,169.85,55.0,71,3,4.0,NZ,1603836961
120,ballina,-28.87,153.57,68.0,88,90,8.05,AU,1603836924
121,qasigiannguit,68.82,-51.19,17.6,61,70,2.24,GL,1603836962
122,laguna,38.42,-121.42,78.01,18,1,5.82,US,1603836962
123,ukiah,39.15,-123.21,90.0,11,1,4.74,US,1603836769
124,mahebourg,-20.41,57.7,70.0,79,5,3.0,MU,1603836962
125,berlevag,70.86,29.09,33.8,80,0,6.93,NO,1603836962
126,adavere,58.71,25.9,54.0,92,100,1.99,EE,1603836962
127,atuona,-9.8,-139.03,78.96,72,1,20.4,PF,1603836779
128,maltahohe,-24.83,16.98,69.37,22,41,10.0,NA,1603836962
129,baillif,16.02,-61.75,75.2,94,3,2.24,GP,1603836962
130,zhangye,38.93,100.45,35.78,81,67,1.54,CN,1603836962
131,wanxian,30.8,108.39,60.73,85,100,5.14,CN,1603836963
132,ribeira grande,38.52,-28.7,62.6,72,75,6.93,PT,1603836963
133,ostrovnoy,68.05,39.51,42.71,92,100,21.74,RU,1603836963
134,touros,-5.2,-35.46,80.6,74,0,13.87,BR,1603836963
135,bethel,41.37,-73.41,53.6,54,40,3.36,US,1603836963
136,fukue,32.69,128.84,67.64,61,60,9.31,JP,1603836963
137,kuah,6.33,99.84,78.8,94,20,10.67,MY,1603836963
138,castro,-24.79,-50.01,64.67,58,0,4.5,BR,1603836963
139,houma,29.6,-90.72,84.2,74,75,14.99,US,1603836893
140,vao,-22.67,167.48,73.04,83,82,19.69,NC,1603836963
141,ust-omchug,61.15,149.63,14.04,86,0,0.54,RU,1603836963
142,kutum,14.2,24.67,75.09,24,0,11.68,SD,1603836964
143,chuy,-33.7,-53.46,61.72,94,100,14.05,UY,1603836784
144,chapais,49.78,-74.85,24.8,68,90,8.05,CA,1603836805
145,asau,46.43,26.4,50.0,98,0,1.52,RO,1603836964
146,nauta,-4.51,-73.58,88.7,63,72,2.48,PE,1603836964
147,pemangkat,1.17,108.97,76.23,91,90,8.01,ID,1603836964
148,giddarbaha,30.2,74.67,62.24,28,0,1.99,IN,1603836964
149,lamu,-2.27,40.9,80.6,83,1,5.82,KE,1603836964
150,baruun-urt,46.68,113.28,25.83,77,0,6.58,MN,1603836795
151,ilo,-17.64,-71.34,63.75,73,83,5.28,PE,1603836964
152,kuybyshevo,47.81,38.91,50.22,52,30,15.43,RU,1603836965
153,bengkulu,-3.8,102.27,75.45,82,98,3.18,ID,1603836965
154,yellowknife,62.46,-114.35,17.6,67,75,9.17,CA,1603836783
155,sobolevo,54.43,31.9,44.53,83,17,9.73,RU,1603836965
156,maragogi,-9.01,-35.22,76.98,79,39,9.55,BR,1603836965
157,sitka,57.05,-135.33,46.4,87,90,4.7,US,1603836965
158,falam,22.92,93.68,56.71,100,2,1.79,MM,1603836965
159,irbeyskoye,55.64,95.45,34.99,84,87,5.35,RU,1603836965
160,ponta do sol,32.67,-17.1,66.2,72,40,3.36,PT,1603836966
161,codrington,-38.27,141.97,55.69,84,62,7.92,AU,1603836966
162,kudahuvadhoo,2.67,72.89,81.95,78,54,13.58,MV,1603836966
163,zilair,52.23,57.44,26.78,91,0,3.27,RU,1603836966
164,padang,-0.95,100.35,77.11,73,96,3.62,ID,1603836851
165,severnyy,50.68,36.55,42.8,75,0,11.18,RU,1603836966
166,merauke,-8.47,140.33,76.68,79,100,12.66,ID,1603836966
167,poya,-21.35,165.15,79.7,57,67,4.52,NC,1603836966
168,barrow,71.29,-156.79,30.2,63,75,21.92,US,1603836967
169,uarini,-2.99,-65.11,86.0,66,75,8.05,BR,1603836967
170,tasiilaq,65.61,-37.64,33.8,40,100,10.29,GL,1603836967
171,chengde,40.97,117.94,36.54,62,75,3.51,CN,1603836967
172,claresholm,50.03,-113.59,41.0,56,95,35.57,CA,1603836903
173,sambava,-14.27,50.17,70.93,90,8,6.71,MG,1603836824
174,erdenet,49.03,104.08,30.52,80,0,4.07,MN,1603836967
175,ust-ordynskiy,52.8,104.75,33.8,74,0,8.95,RU,1603836967
176,naples,40.83,14.25,61.0,82,20,1.12,IT,1603836780
177,chokurdakh,70.63,147.92,11.66,97,100,1.36,RU,1603836967
178,kruisfontein,-34.0,24.73,60.01,93,33,10.98,ZA,1603836797
179,souillac,-20.52,57.52,70.0,79,7,3.0,MU,1603836968
180,puerto del rosario,28.5,-13.86,69.8,77,75,17.22,ES,1603836968
181,ahipara,-35.17,173.17,69.42,61,49,2.24,NZ,1603836968
182,nioro,13.35,-15.75,78.19,48,0,4.52,GM,1603836968
183,nanortalik,60.14,-45.24,30.7,89,100,3.42,GL,1603836797
184,qaqortoq,60.72,-46.03,32.0,99,100,1.12,GL,1603836968
185,inuvik,68.35,-133.72,14.0,85,75,3.36,CA,1603836968
186,tuatapere,-46.13,167.68,57.99,65,9,1.01,NZ,1603836968
187,provideniya,64.38,-173.3,32.0,96,90,4.47,RU,1603836968
188,fort saint james,54.43,-124.25,44.29,89,100,3.58,CA,1603836968
189,serebryansk,49.69,83.29,37.4,55,75,8.95,KZ,1603836969
190,nuuk,64.18,-51.72,24.8,79,0,6.93,GL,1603836841
191,leiyang,26.4,112.86,60.49,83,0,3.24,CN,1603836969
192,tessalit,20.2,1.01,79.52,17,0,7.9,ML,1603836969
193,nianzishan,47.52,122.88,28.26,88,0,8.12,CN,1603836969
194,airai,-8.93,125.41,62.74,94,12,1.36,TL,1603836969
195,fare,-16.7,-151.02,80.35,81,97,20.18,PF,1603836969
196,nikolskoye,59.7,30.79,51.8,87,90,8.95,RU,1603836969
197,hamilton,39.18,-84.53,53.01,81,90,3.36,US,1603836896
198,mandalgovi,45.76,106.27,29.79,66,0,6.26,MN,1603836834
199,viedma,-40.81,-63.0,70.14,20,40,10.69,AR,1603836923
200,kupang,-10.17,123.58,80.06,78,14,4.9,ID,1603836970
201,inzhavino,52.32,42.49,35.69,80,63,9.33,RU,1603836970
202,bara,10.37,10.73,75.6,38,0,1.12,NG,1603836970
203,pedernales,18.04,-71.74,84.2,83,75,5.82,DO,1603836970
204,the valley,18.22,-63.06,81.0,83,40,13.87,AI,1603836970
205,poum,-20.23,164.02,77.0,74,72,11.92,NC,1603836970
206,krasnoselkup,65.7,82.47,-1.93,88,0,13.94,RU,1603836970
207,iqaluit,63.75,-68.51,19.4,79,90,2.24,CA,1603836971
208,balakhninskiy,58.01,114.28,12.29,91,94,1.97,RU,1603836971
209,khatanga,71.97,102.5,-3.14,92,66,10.87,RU,1603836971
210,butaritari,3.07,172.79,81.16,66,100,5.41,KI,1603836971
211,nioki,-2.72,17.68,73.08,94,97,3.11,CD,1603836971
212,hasaki,35.73,140.83,53.6,93,20,5.82,JP,1603836780
213,kalevala,65.2,31.17,46.06,92,100,6.78,RU,1603836971
214,tautira,-17.73,-149.15,80.6,78,75,17.22,PF,1603836971
215,orange,33.7,-117.77,80.01,9,75,8.05,US,1603836971
216,lodeynoye pole,60.73,33.55,48.79,86,100,10.56,RU,1603836972
217,azad shahr,34.79,48.57,45.21,55,0,3.56,IR,1603836973
218,la ronge,55.1,-105.28,28.4,86,90,11.41,CA,1603836973
219,port alfred,-33.59,26.89,65.35,83,29,15.03,ZA,1603836973
220,lata,40.16,-8.33,61.0,93,99,1.99,PT,1603836973
221,fremont,37.55,-121.99,78.01,16,5,3.36,US,1603836919
222,ucluelet,48.93,-125.55,52.0,100,90,3.36,CA,1603836720
223,saint anthony,45.02,-93.22,33.8,50,40,13.87,US,1603836836
224,nome,64.5,-165.41,32.0,95,90,2.39,US,1603836973
225,olmos,-5.98,-79.75,73.99,65,68,5.01,PE,1603836973
226,dukat,62.55,155.55,10.36,74,5,3.29,RU,1603836973
227,xuddur,4.12,43.89,73.11,85,75,13.02,SO,1603836974
228,luderitz,-26.65,15.16,58.41,74,19,8.41,NA,1603836974
229,marquette,46.53,-87.63,34.0,53,89,4.0,US,1603836974
230,usinsk,65.99,57.53,28.35,98,100,15.43,RU,1603836974
231,singaraja,-8.11,115.09,78.89,72,99,3.96,ID,1603836974
232,estelle,29.85,-90.11,81.0,100,75,10.29,US,1603836974
233,gillette,44.29,-105.5,41.0,56,1,6.93,US,1603836923
234,poyarkovo,49.6,128.68,29.66,94,4,6.89,RU,1603836974
235,limin khersonisou,35.32,25.39,64.0,88,20,4.7,GR,1603836974
236,muroto,33.28,134.15,59.0,82,20,8.05,JP,1603836974
237,mumford,5.26,-0.76,78.93,86,68,8.66,GH,1603836975
238,mayo,38.89,-76.51,62.01,77,90,4.99,US,1603836975
239,boende,-0.22,20.87,73.35,94,100,1.43,CD,1603836975
240,chake chake,-5.25,39.77,77.02,83,7,6.91,TZ,1603836975
241,avera,33.19,-82.53,78.8,69,1,3.36,US,1603836975
242,tokonou,9.65,-9.78,71.91,70,27,1.86,GN,1603836975
243,klaksvik,62.23,-6.59,42.8,87,89,12.75,FO,1603836975
244,belmonte,-15.86,-38.88,78.8,78,0,12.75,BR,1603836975
245,antofagasta,-23.65,-70.4,62.6,72,40,16.11,CL,1603836726
246,lodja,-3.48,23.43,69.91,92,100,1.14,CD,1603836975
247,nhulunbuy,-12.23,136.77,82.4,78,98,4.7,AU,1603836976
248,nantucket,41.28,-70.1,53.6,76,20,8.05,US,1603836764
249,hazorasp,41.32,61.07,33.8,64,0,2.24,UZ,1603836976
250,riyadh,24.69,46.72,66.2,37,0,3.78,SA,1603836976
251,san cristobal,7.77,-72.22,87.8,55,40,10.29,VE,1603836787
252,hirara,24.8,125.28,73.4,83,20,6.93,JP,1603836976
253,hobyo,5.35,48.53,79.14,81,9,11.43,SO,1603836797
254,blythe,33.61,-114.6,71.6,6,1,11.41,US,1603836976
255,port blair,11.67,92.75,79.36,78,54,3.49,IN,1603836791
256,hambantota,6.12,81.12,78.21,83,66,7.38,LK,1603836976
257,kampong thum,12.71,104.89,74.34,81,100,11.01,KH,1603836977
258,resavica,44.04,21.58,54.0,8,100,7.63,RS,1603836977
259,gat,31.61,34.76,75.99,100,50,3.4,IL,1603836977
260,alofi,-19.06,-169.92,75.2,83,75,14.99,NU,1603836909
261,kulebaki,55.41,42.53,37.0,81,99,8.05,RU,1603836977
262,sika,13.35,-16.34,80.6,94,0,3.36,GM,1603836977
263,talnakh,69.49,88.4,-4.4,83,0,5.57,RU,1603836977
264,bilibino,68.05,166.44,-1.17,90,83,1.88,RU,1603836821
265,mambajao,9.25,124.72,80.35,77,62,3.89,PH,1603836977
266,hualmay,-11.1,-77.61,65.86,79,98,7.52,PE,1603836977
267,yar-sale,66.83,70.83,2.37,92,61,6.2,RU,1603836977
268,dombarovskiy,50.76,59.54,29.59,92,0,7.7,RU,1603836978
269,steinbach,50.17,8.57,52.0,71,20,12.75,DE,1603836978
270,hohhot,40.81,111.65,24.8,53,0,2.24,CN,1603836978
271,sam roi yot,12.27,99.87,75.25,88,100,3.87,TH,1603836978
272,lavrentiya,65.58,-171.0,30.83,93,100,10.42,RU,1603836728
273,san felipe,10.34,-68.74,75.83,88,19,4.76,VE,1603836978
274,oum hadjer,13.3,19.7,85.28,17,2,10.18,TD,1603836978
275,adrar,20.5,-10.07,85.82,15,0,13.29,MR,1603836978
276,cherskiy,68.75,161.3,11.8,93,99,8.23,RU,1603836804
277,artvin,41.17,41.83,62.6,59,0,13.87,TR,1603836978
278,muisne,0.6,-80.03,74.75,85,100,12.59,EC,1603836978
279,voh,-20.97,164.7,80.31,58,72,6.4,NC,1603836979
280,manaus,-3.1,-60.02,77.0,94,75,2.24,BR,1603836979
281,hay river,60.82,-115.8,23.0,73,75,13.87,CA,1603836903
282,kerema,-7.96,145.78,78.6,84,100,5.06,PG,1603836979
283,northam,51.03,-4.22,48.99,84,15,11.99,GB,1603836979
284,grand-santi,4.25,-54.38,84.96,56,89,2.06,GF,1603836979
285,garissa,-0.45,39.64,77.83,75,19,15.61,KE,1603836979
286,beecher,43.09,-83.69,39.2,86,90,5.82,US,1603836979
287,thompson,55.74,-97.86,26.6,58,75,9.17,CA,1603836979
288,youghal,51.95,-7.85,48.99,87,20,11.41,IE,1603836979
289,havoysund,71.0,24.66,33.8,80,0,5.82,NO,1603836785
290,tura,25.52,90.22,68.23,88,0,4.12,IN,1603836980
291,sao jose da coroa grande,-8.9,-35.15,77.36,78,36,10.89,BR,1603836980
292,dunedin,-45.87,170.5,53.01,68,0,15.99,NZ,1603836980
293,abu samrah,35.3,37.18,77.18,17,39,16.67,SY,1603836980
294,lasa,46.62,10.7,43.0,92,0,3.36,IT,1603836981
295,saint-joseph,-21.37,55.62,73.4,64,0,5.82,RE,1603836981
296,hirna,9.22,41.1,57.18,40,7,3.83,ET,1603836981
297,faanui,-16.48,-151.75,79.88,82,60,19.24,PF,1603836981
298,saldanha,-33.01,17.94,60.8,82,100,2.24,ZA,1603836982
299,puerto ayacucho,5.66,-67.62,80.91,84,100,5.75,VE,1603836982
300,malindi,-3.22,40.12,77.41,86,0,10.33,KE,1603836982
301,itaituba,-4.28,-55.98,80.6,83,40,0.54,BR,1603836982
302,coquimbo,-29.95,-71.34,57.2,67,40,12.75,CL,1603836711
303,soe,-9.86,124.28,69.03,88,63,1.52,ID,1603836982
304,bonavista,48.65,-53.11,37.99,82,100,4.0,CA,1603836982
305,namie,37.48,141.0,41.0,100,75,1.12,JP,1603836982
306,hami,42.8,93.45,42.89,52,0,7.47,CN,1603836982
307,ancud,-41.87,-73.82,48.0,87,90,17.22,CL,1603836983
308,dwarka,22.24,68.97,80.92,59,0,10.31,IN,1603836983
309,nador,35.17,-2.93,60.8,51,1,5.82,MA,1603836983
310,salalah,17.02,54.09,78.8,69,20,3.36,OM,1603836983
311,longyearbyen,78.22,15.64,32.0,93,75,3.36,SJ,1603836787
312,bosaso,11.28,49.18,71.47,64,6,1.36,SO,1603836983
313,kimbe,-5.55,150.14,83.34,72,23,1.95,PG,1603836983
314,fez,34.04,-5.0,51.8,81,0,8.05,MA,1603836701
315,chimbote,-9.09,-78.58,65.48,79,89,7.34,PE,1603836983
316,kulhudhuffushi,6.62,73.07,82.02,76,24,7.67,MV,1603836984
317,hamina,60.57,27.2,51.8,93,90,6.93,FI,1603836984
318,myre,69.1,15.95,37.0,93,75,6.93,NO,1603836984
319,mtambile,-5.38,39.7,78.22,80,9,9.01,TZ,1603836984
320,lompoc,34.64,-120.46,71.01,43,1,14.99,US,1603836984
321,wakkanai,45.41,141.67,48.61,75,100,12.3,JP,1603836768
322,stromness,58.97,-3.3,48.2,87,100,12.75,GB,1603836984
323,pokhara,28.23,83.98,62.58,32,0,4.63,NP,1603836984
324,kohlu,29.9,69.25,53.28,38,0,1.19,PK,1603836985
325,chizhou,30.66,117.48,59.25,90,62,5.08,CN,1603836985
326,saint-francois,46.42,3.91,55.4,66,90,8.05,FR,1603836985
327,paredon,16.03,-93.87,83.98,69,16,5.57,MX,1603836985
328,sembe,1.65,14.58,71.1,91,48,1.57,CG,1603836985
329,yeppoon,-23.13,150.73,73.4,78,75,6.93,AU,1603836985
330,tomarovka,50.68,36.23,42.8,75,0,11.18,RU,1603836985
331,nemuro,43.32,145.57,50.31,70,100,3.0,JP,1603836985
332,kavaratti,10.57,72.64,81.12,76,95,7.52,IN,1603836985
333,lahij,13.17,44.58,72.54,62,25,4.27,YE,1603836986
334,scarborough,54.28,-0.4,46.99,87,46,4.0,GB,1603836889
335,araouane,18.9,-3.53,86.04,14,0,2.77,ML,1603836986
336,narsaq,60.92,-46.05,32.0,97,100,1.12,GL,1603836986
337,gaozhou,21.94,110.85,71.11,74,97,4.27,CN,1603836986
338,swan river,52.11,-101.27,38.66,87,99,7.94,CA,1603836986
339,deniliquin,-35.53,144.97,59.36,65,67,11.92,AU,1603836891
340,quatre cocos,-20.21,57.76,70.0,79,7,3.0,MU,1603836986
341,abnub,27.27,31.15,71.6,64,0,6.93,EG,1603836986
342,tiznit,29.58,-9.5,62.85,65,0,1.28,MA,1603836792
343,japura,-0.32,102.35,73.42,96,100,1.88,ID,1603836826
344,ketchikan,55.34,-131.65,46.4,100,40,8.05,US,1603836988
345,ibadan,7.39,3.9,78.8,83,40,5.82,NG,1603836815
346,olafsvik,64.89,-23.71,39.92,69,94,18.86,IS,1603836988
347,petropavlovsk-kamchatskiy,53.05,158.65,33.8,100,75,2.24,RU,1603836691
348,naze,28.37,129.48,73.4,73,75,6.93,JP,1603836988
349,kokopo,-4.35,152.26,82.31,72,24,5.93,PG,1603836988
350,nikitinskiy,54.58,86.01,43.88,74,100,16.67,RU,1603836988
351,firovo,57.48,33.7,45.54,84,0,11.83,RU,1603836988
352,chumikan,54.72,135.31,37.36,84,100,14.47,RU,1603836988
353,la plata,-34.92,-57.95,63.0,69,0,1.01,AR,1603836988
354,haines junction,60.75,-137.51,33.01,86,28,1.95,CA,1603836989
355,imperial,33.03,-115.42,78.01,4,1,13.87,US,1603836989
356,payo,-3.75,103.64,71.8,90,98,1.5,ID,1603836989
357,pevek,69.7,170.31,20.48,97,100,14.7,RU,1603836989
358,eureka,40.8,-124.16,73.99,42,1,6.93,US,1603836989
359,geraldton,-28.77,114.6,64.4,72,90,10.29,AU,1603836989
360,terrak,65.09,12.37,46.4,70,0,11.41,NO,1603836989
361,borovskoy,53.8,64.15,22.78,97,100,15.35,KZ,1603836989
362,aykhal,66.0,111.5,-11.83,88,68,4.9,RU,1603836989
363,praia da vitoria,38.73,-27.07,64.4,63,75,7.36,PT,1603836989
364,marzuq,14.4,46.47,63.68,27,100,3.94,YE,1603836989
365,pisco,-13.7,-76.22,69.8,68,0,20.8,PE,1603836990
366,vostok,46.49,135.88,30.87,96,96,2.17,RU,1603836990
367,estacion coahuila,32.19,-115.0,71.6,4,5,13.87,MX,1603836990
368,antananarivo,-18.91,47.54,60.8,93,75,2.24,MG,1603836817
369,mutum,-19.8,-41.44,75.0,86,58,3.02,BR,1603836990
370,virginia beach,36.85,-75.98,64.99,91,4,4.38,US,1603836957
371,caravelas,-17.71,-39.25,76.19,92,73,6.15,BR,1603836990
372,maceio,-9.67,-35.74,78.8,78,75,12.75,BR,1603836817
373,aldan,58.6,125.39,8.6,96,100,4.97,RU,1603836990
374,bambous virieux,-20.34,57.76,70.0,79,6,3.0,MU,1603836990
375,soyo,-6.13,12.37,76.93,88,12,9.44,AO,1603836990
376,labuhan,-6.88,112.21,77.72,85,100,8.39,ID,1603836991
377,teya,60.38,92.63,25.34,95,100,11.32,RU,1603836991
378,tibu,8.64,-72.74,81.48,81,2,1.9,CO,1603836991
379,fairbanks,64.84,-147.72,30.2,92,90,9.17,US,1603836699
380,shingu,33.73,135.98,54.61,62,2,5.19,JP,1603836991
381,chiredzi,-21.05,31.67,73.85,48,0,7.14,ZW,1603836991
382,severo-kurilsk,50.68,156.12,43.63,83,13,5.84,RU,1603836991
383,cavalcante,-13.8,-47.46,74.41,78,100,3.15,BR,1603836991
384,saint pete beach,27.73,-82.74,88.0,70,1,9.17,US,1603836991
385,weihai,37.5,122.11,57.25,44,99,10.33,CN,1603836992
386,tacuarembo,-31.73,-55.98,58.14,71,0,5.57,UY,1603836986
387,aban,56.67,96.06,34.74,89,100,7.23,RU,1603836726
388,hofn,64.25,-15.21,37.4,79,100,21.27,IS,1603836839
389,heihe,50.24,127.49,35.6,74,40,6.71,CN,1603836992
390,obo,5.4,26.49,68.2,94,100,5.57,CF,1603836992
391,ust-tsilma,65.44,52.15,35.76,96,100,5.73,RU,1603836992
392,okha,53.57,142.95,36.86,85,99,2.19,RU,1603836992
393,shirgaon,19.7,72.7,79.52,59,8,6.67,IN,1603836993
394,pacifica,37.61,-122.49,77.0,17,20,3.36,US,1603836993
395,mansa,29.98,75.38,63.1,27,0,0.87,IN,1603836962
396,eyl,7.98,49.82,77.2,70,8,8.63,SO,1603836993
397,cidreira,-30.18,-50.21,61.61,88,96,13.2,BR,1603836788
398,simpang,-1.27,104.08,73.18,95,100,2.91,ID,1603836993
399,vizinga,61.07,50.1,34.74,91,100,9.08,RU,1603836993
400,mao,39.89,4.27,55.4,76,12,4.7,ES,1603836991
401,calama,-22.47,-68.93,71.6,9,0,25.28,CL,1603836993
402,kontagora,10.4,5.47,76.26,41,98,1.32,NG,1603836994
403,togur,58.36,82.83,30.67,98,75,3.13,RU,1603836994
404,port hedland,-20.32,118.57,71.6,88,75,4.7,AU,1603836909
405,dubbo,-32.25,148.62,59.0,77,90,17.22,AU,1603836994
406,lokachi,50.74,24.65,48.0,98,0,11.01,UA,1603836994
407,plerin,48.54,-2.78,51.8,81,40,10.29,FR,1603836751
408,korla,41.76,86.15,39.0,92,0,5.53,CN,1603836994
409,mbanza-ngungu,-5.25,14.87,71.4,94,68,5.23,CD,1603836994
410,ilesha,7.14,5.26,73.63,92,35,2.04,NG,1603836994
411,cabatuan,10.88,122.49,76.51,86,87,3.02,PH,1603836994
412,isangel,-19.55,169.27,80.6,74,20,11.41,VU,1603836994
413,hammerfest,70.66,23.68,33.8,80,0,5.82,NO,1603836701
414,panzhihua,26.59,101.71,66.76,77,46,0.29,CN,1603836995
415,omboue,-1.57,9.26,77.58,85,100,4.54,GA,1603836995
416,zheleznodorozhnyy,55.75,38.0,48.0,93,0,6.71,RU,1603836995
417,amahai,-3.33,128.92,82.99,94,18,3.27,ID,1603836995
418,gorontalo,0.54,123.06,75.85,74,100,2.62,ID,1603836996
419,ottawa,45.41,-75.7,35.01,95,40,4.7,CA,1603836975
420,pa sang,18.53,98.94,71.6,94,20,1.12,TH,1603836996
421,safaga,26.73,33.94,78.8,65,0,8.05,EG,1603836996
422,sorong,-0.88,131.25,79.93,82,100,5.93,ID,1603836996
423,taicheng,38.73,113.23,40.26,52,100,3.56,CN,1603836996
424,lufilufi,-13.87,-171.6,86.0,66,40,12.75,WS,1603836996
425,nurota,40.56,65.69,41.0,56,19,9.17,UZ,1603836996
426,jalu,29.03,21.55,73.15,38,16,11.56,LY,1603836996
427,funadhoo,6.15,73.27,82.2,76,14,7.52,MV,1603836996
428,yangjiang,21.85,111.97,71.17,84,62,7.58,CN,1603836996
429,mareeba,-17.0,145.43,81.0,69,20,11.41,AU,1603836996
430,port moresby,-9.44,147.18,82.4,78,75,11.41,PG,1603836997
431,sao filipe,14.9,-24.5,81.68,71,100,4.16,CV,1603836997
432,mabaruma,8.2,-59.78,77.05,87,15,3.31,GY,1603836997
433,ugoofaaru,5.67,73.0,82.49,76,0,6.93,MV,1603836997
434,flinders,-34.58,150.86,61.0,90,77,3.0,AU,1603836997
435,zholymbet,51.74,71.71,28.72,95,98,18.57,KZ,1603836997
436,ust-koksa,50.27,85.61,36.18,76,77,3.04,RU,1603836997
437,prestea,5.43,-2.14,74.97,94,100,3.11,GH,1603836997
438,novaci,45.18,23.67,49.64,79,71,2.33,RO,1603836998
439,aklavik,68.22,-135.01,10.4,92,75,4.7,CA,1603836998
440,rocha,-34.48,-54.33,58.28,85,100,12.26,UY,1603836998
441,suntar,62.14,117.63,16.18,90,100,3.42,RU,1603836998
442,boralday,43.36,76.86,42.8,52,75,4.47,KZ,1603836998
443,college,64.86,-147.8,30.2,80,90,5.82,US,1603836999
444,beyneu,45.32,55.2,29.93,86,0,5.39,KZ,1603836999
445,alice springs,-23.7,133.88,64.4,23,0,5.82,AU,1603836865
446,palmer,42.16,-72.33,52.0,57,75,1.54,US,1603836969
447,ures,29.43,-110.4,71.01,16,0,4.0,MX,1603836999
448,pacific grove,36.62,-121.92,73.99,12,1,6.93,US,1603837000
449,san jorge,-31.9,-61.86,75.99,45,0,1.99,AR,1603837000
450,carnarvon,-24.87,113.63,66.2,88,0,19.46,AU,1603837000
451,limulunga,-15.1,23.14,75.61,36,19,3.62,ZM,1603837000
452,rexburg,43.83,-111.79,39.2,38,1,4.7,US,1603837000
453,chincha alta,-13.41,-76.13,69.8,68,0,20.8,PE,1603837000
454,guerrero negro,27.98,-114.06,74.71,20,0,21.39,MX,1603837000
455,havelock,34.88,-76.9,71.01,83,49,3.87,US,1603837000
456,copacabana,6.35,-75.51,69.8,68,75,6.93,CO,1603836738
457,necochea,-38.55,-58.74,62.01,71,42,7.0,AR,1603837000
458,broome,42.25,-75.83,50.0,75,90,3.36,US,1603837000
459,seymchan,62.88,152.43,9.18,93,34,3.22,RU,1603837000
460,minot,48.23,-101.3,50.0,53,1,24.16,US,1603836729
461,dingli,35.86,14.38,64.0,67,20,16.11,MT,1603837001
462,storslett,69.77,21.02,34.61,81,100,5.21,NO,1603837001
463,lima,-12.04,-77.03,66.2,72,75,13.87,PE,1603836770
464,bonfim,3.08,-59.95,88.79,50,30,6.06,BR,1603837001
465,voskresenskoye,56.84,45.43,33.6,90,84,7.38,RU,1603837001
466,tommot,58.96,126.29,12.25,94,100,3.27,RU,1603837001
467,santarem,-2.44,-54.71,86.0,79,20,2.24,BR,1603837001
468,acapulco,16.86,-99.89,86.0,79,90,6.93,MX,1603837001
469,kampot,10.62,104.18,77.61,85,100,6.76,KH,1603837001
470,puksoozero,62.59,40.61,41.65,94,99,11.23,RU,1603837002
471,meulaboh,4.14,96.13,75.11,88,64,4.45,ID,1603837002
472,halmstad,56.67,12.86,48.99,87,51,19.46,SE,1603836868
473,sangin,32.07,64.84,50.05,39,0,1.83,AF,1603837002
474,chhachhrauli,30.25,77.37,61.16,39,0,2.64,IN,1603837002
475,hauterive,46.09,3.45,55.4,71,75,14.99,FR,1603837002
476,harlingen,26.19,-97.7,69.8,68,90,16.11,US,1603837002
477,ascension,30.22,-90.9,82.4,78,75,6.93,US,1603837002
478,verkhoyansk,67.54,133.38,5.29,92,84,3.44,RU,1603837003
479,victoria,22.29,114.16,77.0,72,49,1.01,HK,1603836784
480,piacabucu,-10.41,-36.43,76.32,85,99,13.22,BR,1603837003
481,kalmunai,7.42,81.82,78.89,82,60,6.67,LK,1603837003
482,abhar,36.15,49.22,50.4,49,0,3.38,IR,1603837003
483,port hardy,50.7,-127.42,48.2,93,90,8.05,CA,1603836903
484,mehamn,71.04,27.85,32.0,84,0,8.05,NO,1603837003
485,byron bay,-28.65,153.62,68.0,88,90,8.05,AU,1603837004
486,vydrino,51.48,104.85,36.93,77,14,4.65,RU,1603837004
487,selcuk,37.95,27.37,59.0,93,0,1.19,TR,1603837004
488,vardo,70.37,31.11,39.2,93,75,9.17,NO,1603837004
489,clyde river,70.47,-68.59,10.4,72,20,10.29,CA,1603837004
490,nouadhibou,20.93,-17.03,78.8,54,100,19.46,MR,1603837005
491,antalaha,-14.9,50.28,70.57,85,9,4.76,MG,1603837005
492,la primavera,5.49,-70.41,83.84,76,76,5.12,CO,1603837005
493,naryan-mar,67.67,53.09,34.0,96,100,9.57,RU,1603837005
494,muzhi,65.37,64.67,11.77,96,100,4.88,RU,1603837005
495,burgeo,47.62,-57.62,40.69,78,65,18.32,CA,1603837006
496,puerto baquerizo moreno,-0.9,-89.6,71.6,83,75,12.75,EC,1603837006
497,fairview,40.81,-74.0,59.0,67,1,2.15,US,1603836899
498,kenai,60.55,-151.26,41.0,74,1,3.36,US,1603837006
499,ciudad bolivar,8.12,-63.55,86.0,56,35,7.25,VE,1603837006
500,shamkhal,43.06,47.34,60.8,72,90,20.13,RU,1603837006
501,deputatskiy,69.3,139.9,1.98,93,86,4.88,RU,1603837006
502,swan hill,-35.34,143.55,60.22,65,4,7.76,AU,1603836782
503,tammisaari,59.97,23.43,48.0,88,100,1.99,FI,1603837007
504,lethem,3.38,-59.8,87.64,52,6,7.38,GY,1603837007
505,svetlaya,46.54,138.33,40.51,75,49,5.06,RU,1603837007
506,vysokogornyy,50.12,139.15,27.18,96,93,2.19,RU,1603837007
507,golden,39.76,-105.22,44.01,28,20,4.7,US,1603836939
508,arnissa,40.8,21.83,55.99,39,3,4.0,GR,1603837007
509,ilhabela,-23.78,-45.36,73.08,85,49,7.05,BR,1603837007
510,zhicheng,30.3,111.5,59.0,66,84,5.53,CN,1603837007
511,cajamarca,-7.16,-78.5,57.76,76,100,7.36,PE,1603836853
512,toamasina,-18.17,49.38,66.2,100,20,2.24,MG,1603837008
513,cabo san lucas,22.89,-109.91,82.4,58,40,6.93,MX,1603836726
514,saint-pierre,-21.34,55.48,73.4,64,0,5.82,RE,1603837008
515,harrisonburg,38.45,-78.87,68.0,68,1,6.93,US,1603837008
516,eirunepe,-6.66,-69.87,88.65,56,71,2.98,BR,1603837008
517,gisborne,-38.65,178.0,55.0,85,100,4.0,NZ,1603836789
518,williamsburg,37.27,-76.71,64.0,100,90,4.07,US,1603837008
519,huarmey,-10.07,-78.15,67.24,74,100,7.31,PE,1603837008
520,puerto escondido,15.85,-97.07,78.8,74,90,2.24,MX,1603837009
521,kaeo,-35.1,173.78,70.0,75,75,3.0,NZ,1603837009
522,marienburg,54.04,19.03,46.0,100,64,11.83,PL,1603837009
523,southbridge,42.08,-72.03,50.0,73,100,2.15,US,1603837009
524,port hueneme,34.15,-119.2,82.4,22,20,13.87,US,1603837004
525,bunol,39.42,-0.78,63.0,48,0,9.17,ES,1603837009
526,samagaltay,50.6,95.0,28.31,81,61,3.76,RU,1603837009
527,santa lucia,27.91,-15.54,71.6,64,75,17.22,ES,1603837009
528,taltal,-25.4,-70.48,62.02,66,22,7.16,CL,1603837009
529,kundiawa,-6.02,144.97,69.3,66,97,0.2,PG,1603837010
530,saint-denis,48.92,2.33,55.0,93,75,10.29,FR,1603837010
531,itumba,-9.4,33.18,61.25,84,3,4.54,TZ,1603836787
532,grafton,42.21,-71.69,50.0,61,1,4.7,US,1603836851
533,buala,-8.14,159.59,84.36,72,3,2.59,SB,1603837010
534,dinar,38.06,30.17,53.6,62,0,5.82,TR,1603837010
535,port-gentil,-0.72,8.78,78.8,88,75,6.93,GA,1603837011
536,raudeberg,61.99,5.14,48.0,76,89,10.09,NO,1603837011
537,smithers,54.78,-127.17,42.8,93,90,3.36,CA,1603836903
538,tucuman,-26.82,-65.22,95.0,21,0,17.22,AR,1603837011
539,korce,40.62,20.78,48.88,77,78,2.44,AL,1603837011
540,don matias,6.49,-75.39,69.8,68,75,6.93,CO,1603837011
541,mananjary,-21.22,48.33,69.89,91,14,2.08,MG,1603837012
542,fort frances,48.6,-93.4,30.99,58,90,10.29,CA,1603837000
543,qandala,11.47,49.87,74.86,48,22,1.88,SO,1603837012
544,tias,28.96,-13.64,69.8,73,75,9.17,ES,1603837012
545,qui nhon,13.77,109.23,73.96,88,100,39.28,VN,1603837012
546,fort nelson,58.81,-122.7,32.0,88,75,10.29,CA,1603836903
547,norwood,42.19,-71.2,52.0,66,100,6.93,US,1603837012
548,ous,60.91,61.52,23.13,97,96,5.32,RU,1603836835
549,batagay,67.63,134.63,4.86,93,88,2.55,RU,1603837012
550,esperance,-33.87,121.9,55.4,100,98,9.17,AU,1603836804
551,vanimo,-2.67,141.3,81.28,73,99,4.54,PG,1603837012
552,achutupo,9.2,-77.98,83.66,77,71,7.87,PA,1603837013
553,half moon bay,37.46,-122.43,77.0,23,5,6.93,US,1603837013
554,pangai,-19.8,-174.35,78.8,78,20,21.92,TO,1603837013
555,simao,22.79,100.97,60.01,91,43,1.77,CN,1603837013
556,mantua,45.17,10.78,48.99,100,0,3.36,IT,1603837013
557,sangueya,10.7,-14.37,77.36,88,100,0.98,GN,1603837014
558,zhuhai,22.28,113.57,77.0,78,20,11.41,CN,1603837014
559,sungaipenuh,-2.08,101.38,63.1,85,98,1.3,ID,1603837014
560,broken hill,-31.95,141.43,53.6,81,0,11.41,AU,1603837014
561,jiazi,22.88,116.07,70.54,83,89,19.37,CN,1603837014
562,bartlesville,36.75,-95.98,34.0,98,90,3.36,US,1603836977
563,dosso,13.05,3.19,81.18,16,1,5.12,NE,1603837014
564,muyezerskiy,63.93,31.65,48.94,92,100,11.34,RU,1603837014
565,yatou,37.15,122.38,53.02,51,82,8.84,CN,1603837014
566,svetlyy,54.67,20.13,50.0,87,90,6.71,RU,1603837015
567,yaroslavskaya,44.61,40.46,56.7,63,54,4.29,RU,1603837015
568,komsomolskiy,40.43,71.72,51.8,40,97,2.24,UZ,1603836865
569,warangal,18.0,79.58,69.6,72,0,3.96,IN,1603837015
570,wattegama,6.8,81.48,75.34,90,78,2.53,LK,1603837015
571,mahishadal,22.18,87.98,69.84,62,0,6.53,IN,1603837015
572,kungurtug,50.6,97.52,26.42,81,79,3.02,RU,1603837015
573,orlik,52.52,99.83,19.76,86,35,2.26,RU,1603837015
574,guacheta,5.38,-73.69,57.78,91,100,1.95,CO,1603837016
575,knysna,-34.04,23.05,59.0,87,0,6.93,ZA,1603837016
576,myingyan,21.47,95.38,77.0,83,75,2.24,MM,1603837016
577,aitape,-3.14,142.35,80.28,80,97,4.12,PG,1603837016
578,faya,18.39,42.45,60.8,19,0,4.7,SA,1603837016
579,axim,4.87,-2.24,78.46,86,100,8.08,GH,1603836900
580,mackay,-21.15,149.2,78.01,83,40,4.7,AU,1603836927
581,port lincoln,-34.73,135.87,58.93,73,0,6.31,AU,1603837016
582,kuusamo,65.97,29.18,41.0,93,90,10.29,FI,1603837016
